Status,Category,Item Name,Folder,Filename,Disk Path,Public URL,Notes
"pending","AV Equipment","Speaker Set","av-equipment","speaker-set.jpg","public/inventory/av-equipment/speaker-set.jpg","/inventory/av-equipment/speaker-set.jpg",""
"pending","AV Equipment","Wired Microphone","av-equipment","wired-microphone.jpg","public/inventory/av-equipment/wired-microphone.jpg","/inventory/av-equipment/wired-microphone.jpg",""
"pending","AV Equipment","Wireless Microphone","av-equipment","wireless-microphone.jpg","public/inventory/av-equipment/wireless-microphone.jpg","/inventory/av-equipment/wireless-microphone.jpg",""
"pending","AV Equipment","Microphone Stand","av-equipment","microphone-stand.jpg","public/inventory/av-equipment/microphone-stand.jpg","/inventory/av-equipment/microphone-stand.jpg",""
"pending","Stage & Power","Generator","stage-and-power","generator.jpg","public/inventory/stage-and-power/generator.jpg","/inventory/stage-and-power/generator.jpg",""
"pending","Stage & Power","Wooden Podium","stage-and-power","wooden-podium.jpg","public/inventory/stage-and-power/wooden-podium.jpg","/inventory/stage-and-power/wooden-podium.jpg",""
"pending","Stage & Power","Stage Panel 4' × 8'","stage-and-power","stage-panel-4-8.jpg","public/inventory/stage-and-power/stage-panel-4-8.jpg","/inventory/stage-and-power/stage-panel-4-8.jpg",""
"pending","Bar Equipment","3 Gallon Water Dispenser","bar-equipment","3-gallon-water-dispenser.jpg","public/inventory/bar-equipment/3-gallon-water-dispenser.jpg","/inventory/bar-equipment/3-gallon-water-dispenser.jpg",""
"pending","Bar Equipment","Drink Cooler","bar-equipment","drink-cooler.jpg","public/inventory/bar-equipment/drink-cooler.jpg","/inventory/bar-equipment/drink-cooler.jpg",""
"pending","Bar Equipment","Bar Mats","bar-equipment","bar-mats.jpg","public/inventory/bar-equipment/bar-mats.jpg","/inventory/bar-equipment/bar-mats.jpg",""
"pending","Bar Equipment","8' Plexiglass Bar Table","bar-equipment","8-plexiglass-bar-table.jpg","public/inventory/bar-equipment/8-plexiglass-bar-table.jpg","/inventory/bar-equipment/8-plexiglass-bar-table.jpg",""
"pending","Bar Equipment","8' Navy Blue Bar Table","bar-equipment","8-navy-blue-bar-table.jpg","public/inventory/bar-equipment/8-navy-blue-bar-table.jpg","/inventory/bar-equipment/8-navy-blue-bar-table.jpg",""
"pending","Bar Equipment","Ice Scoop","bar-equipment","ice-scoop.jpg","public/inventory/bar-equipment/ice-scoop.jpg","/inventory/bar-equipment/ice-scoop.jpg",""
"pending","Bar Equipment","Darkwood Bar Front","bar-equipment","darkwood-bar-front.jpg","public/inventory/bar-equipment/darkwood-bar-front.jpg","/inventory/bar-equipment/darkwood-bar-front.jpg",""
"pending","Bar Equipment","White Bar Front","bar-equipment","white-bar-front.jpg","public/inventory/bar-equipment/white-bar-front.jpg","/inventory/bar-equipment/white-bar-front.jpg",""
"pending","Bar Equipment","Garnish Caddy","bar-equipment","garnish-caddy.jpg","public/inventory/bar-equipment/garnish-caddy.jpg","/inventory/bar-equipment/garnish-caddy.jpg",""
"pending","Catering Equipment","Convection Oven","catering-equipment","convection-oven.jpg","public/inventory/catering-equipment/convection-oven.jpg","/inventory/catering-equipment/convection-oven.jpg",""
"pending","Catering Equipment","Electric Warmer","catering-equipment","electric-warmer.jpg","public/inventory/catering-equipment/electric-warmer.jpg","/inventory/catering-equipment/electric-warmer.jpg",""
"pending","Catering Equipment","Insulated Warmer","catering-equipment","insulated-warmer.jpg","public/inventory/catering-equipment/insulated-warmer.jpg","/inventory/catering-equipment/insulated-warmer.jpg",""
"pending","Catering Equipment","Speed Rack","catering-equipment","speed-rack.jpg","public/inventory/catering-equipment/speed-rack.jpg","/inventory/catering-equipment/speed-rack.jpg",""
"pending","Catering Equipment","Deep Fryer","catering-equipment","deep-fryer.jpg","public/inventory/catering-equipment/deep-fryer.jpg","/inventory/catering-equipment/deep-fryer.jpg",""
"pending","Catering Equipment","2"" Insert Pan","catering-equipment","2-insert-pan.jpg","public/inventory/catering-equipment/2-insert-pan.jpg","/inventory/catering-equipment/2-insert-pan.jpg",""
"pending","Catering Equipment","4"" Insert Pan","catering-equipment","4-insert-pan.jpg","public/inventory/catering-equipment/4-insert-pan.jpg","/inventory/catering-equipment/4-insert-pan.jpg",""
"pending","Catering Equipment","Sheet Pan","catering-equipment","sheet-pan.jpg","public/inventory/catering-equipment/sheet-pan.jpg","/inventory/catering-equipment/sheet-pan.jpg",""
"pending","Catering Equipment","Wok Burner","catering-equipment","wok-burner.jpg","public/inventory/catering-equipment/wok-burner.jpg","/inventory/catering-equipment/wok-burner.jpg",""
"pending","Catering Equipment","Burner","catering-equipment","burner.jpg","public/inventory/catering-equipment/burner.jpg","/inventory/catering-equipment/burner.jpg",""
"pending","Catering Equipment","Grill","catering-equipment","grill.jpg","public/inventory/catering-equipment/grill.jpg","/inventory/catering-equipment/grill.jpg",""
"pending","Catering Equipment","5 Gallon Juice Dispenser","catering-equipment","5-gallon-juice-dispenser.jpg","public/inventory/catering-equipment/5-gallon-juice-dispenser.jpg","/inventory/catering-equipment/5-gallon-juice-dispenser.jpg",""
"pending","Catering Equipment","4"" Half Pans","catering-equipment","4-half-pans.jpg","public/inventory/catering-equipment/4-half-pans.jpg","/inventory/catering-equipment/4-half-pans.jpg",""
"pending","Catering Equipment","2"" Half Pans","catering-equipment","2-half-pans.jpg","public/inventory/catering-equipment/2-half-pans.jpg","/inventory/catering-equipment/2-half-pans.jpg",""
"pending","Catering Equipment","Oval Tray","catering-equipment","oval-tray.jpg","public/inventory/catering-equipment/oval-tray.jpg","/inventory/catering-equipment/oval-tray.jpg",""
"pending","Catering Equipment","Cocktail Tray","catering-equipment","cocktail-tray.jpg","public/inventory/catering-equipment/cocktail-tray.jpg","/inventory/catering-equipment/cocktail-tray.jpg",""
"pending","Catering Equipment","Trash Can","catering-equipment","trash-can.jpg","public/inventory/catering-equipment/trash-can.jpg","/inventory/catering-equipment/trash-can.jpg",""
"pending","Catering Equipment","Coffee Percolator","catering-equipment","coffee-percolator.jpg","public/inventory/catering-equipment/coffee-percolator.jpg","/inventory/catering-equipment/coffee-percolator.jpg",""
"pending","Catering Equipment","Water Pitcher","catering-equipment","water-pitcher.jpg","public/inventory/catering-equipment/water-pitcher.jpg","/inventory/catering-equipment/water-pitcher.jpg",""
"pending","Catering Equipment","Jack Stand","catering-equipment","jack-stand.jpg","public/inventory/catering-equipment/jack-stand.jpg","/inventory/catering-equipment/jack-stand.jpg",""
"pending","Catering Equipment","Chafing Dishes","catering-equipment","chafing-dishes.jpg","public/inventory/catering-equipment/chafing-dishes.jpg","/inventory/catering-equipment/chafing-dishes.jpg",""
"pending","Catering Equipment","Heat Lamp","catering-equipment","heat-lamp.jpg","public/inventory/catering-equipment/heat-lamp.jpg","/inventory/catering-equipment/heat-lamp.jpg",""
"pending","Catering Equipment","Serving Spoons","catering-equipment","serving-spoons.jpg","public/inventory/catering-equipment/serving-spoons.jpg","/inventory/catering-equipment/serving-spoons.jpg",""
"pending","Catering Equipment","Perforated Serving Spoon","catering-equipment","perforated-serving-spoon.jpg","public/inventory/catering-equipment/perforated-serving-spoon.jpg","/inventory/catering-equipment/perforated-serving-spoon.jpg",""
"pending","Catering Equipment","Serving Tongs","catering-equipment","serving-tongs.jpg","public/inventory/catering-equipment/serving-tongs.jpg","/inventory/catering-equipment/serving-tongs.jpg",""
"pending","Catering Equipment","Black Spandex Trashcan Cover","catering-equipment","black-spandex-trashcan-cover.jpg","public/inventory/catering-equipment/black-spandex-trashcan-cover.jpg","/inventory/catering-equipment/black-spandex-trashcan-cover.jpg",""
"pending","Chairs & Lounge","Darkwood Chiavari Chair","chairs-and-lounge","darkwood-chiavari-chair.jpg","public/inventory/chairs-and-lounge/darkwood-chiavari-chair.jpg","/inventory/chairs-and-lounge/darkwood-chiavari-chair.jpg",""
"pending","Chairs & Lounge","White Resin Folding Chair","chairs-and-lounge","white-resin-folding-chair.jpg","public/inventory/chairs-and-lounge/white-resin-folding-chair.jpg","/inventory/chairs-and-lounge/white-resin-folding-chair.jpg",""
"pending","Chairs & Lounge","Darkwood Resin Folding Chair","chairs-and-lounge","darkwood-resin-folding-chair.jpg","public/inventory/chairs-and-lounge/darkwood-resin-folding-chair.jpg","/inventory/chairs-and-lounge/darkwood-resin-folding-chair.jpg",""
"pending","Chairs & Lounge","Natural Chiavari Chair","chairs-and-lounge","natural-chiavari-chair.jpg","public/inventory/chairs-and-lounge/natural-chiavari-chair.jpg","/inventory/chairs-and-lounge/natural-chiavari-chair.jpg",""
"pending","Chairs & Lounge","Clear Chiavari Chair","chairs-and-lounge","clear-chiavari-chair.jpg","public/inventory/chairs-and-lounge/clear-chiavari-chair.jpg","/inventory/chairs-and-lounge/clear-chiavari-chair.jpg",""
"pending","Chairs & Lounge","Gold Chiavari Chair","chairs-and-lounge","gold-chiavari-chair.jpg","public/inventory/chairs-and-lounge/gold-chiavari-chair.jpg","/inventory/chairs-and-lounge/gold-chiavari-chair.jpg",""
"pending","Chairs & Lounge","Ghost Chair","chairs-and-lounge","ghost-chair.jpg","public/inventory/chairs-and-lounge/ghost-chair.jpg","/inventory/chairs-and-lounge/ghost-chair.jpg",""
"pending","Chairs & Lounge","Bamboo Folding Chair","chairs-and-lounge","bamboo-folding-chair.jpg","public/inventory/chairs-and-lounge/bamboo-folding-chair.jpg","/inventory/chairs-and-lounge/bamboo-folding-chair.jpg",""
"pending","Chairs & Lounge","Silver Chameleon Chair with White Cushion","chairs-and-lounge","silver-chameleon-chair-with-white-cushion.jpg","public/inventory/chairs-and-lounge/silver-chameleon-chair-with-white-cushion.jpg","/inventory/chairs-and-lounge/silver-chameleon-chair-with-white-cushion.jpg",""
"pending","Chairs & Lounge","Emerald Green Felt Chair","chairs-and-lounge","emerald-green-felt-chair.jpg","public/inventory/chairs-and-lounge/emerald-green-felt-chair.jpg","/inventory/chairs-and-lounge/emerald-green-felt-chair.jpg",""
"pending","Chairs & Lounge","Dark Blue Arm Chair","chairs-and-lounge","dark-blue-arm-chair.jpg","public/inventory/chairs-and-lounge/dark-blue-arm-chair.jpg","/inventory/chairs-and-lounge/dark-blue-arm-chair.jpg",""
"pending","Chairs & Lounge","Navy Blue Bucket Chair with Gold Legs","chairs-and-lounge","navy-blue-bucket-chair-with-gold-legs.jpg","public/inventory/chairs-and-lounge/navy-blue-bucket-chair-with-gold-legs.jpg","/inventory/chairs-and-lounge/navy-blue-bucket-chair-with-gold-legs.jpg",""
"pending","Chairs & Lounge","Navy Blue Arm Chair with Gold Legs","chairs-and-lounge","navy-blue-arm-chair-with-gold-legs.jpg","public/inventory/chairs-and-lounge/navy-blue-arm-chair-with-gold-legs.jpg","/inventory/chairs-and-lounge/navy-blue-arm-chair-with-gold-legs.jpg",""
"pending","Chairs & Lounge","Black and Gold Barstools","chairs-and-lounge","black-and-gold-barstools.jpg","public/inventory/chairs-and-lounge/black-and-gold-barstools.jpg","/inventory/chairs-and-lounge/black-and-gold-barstools.jpg",""
"pending","Chairs & Lounge","High Chair","chairs-and-lounge","high-chair.jpg","public/inventory/chairs-and-lounge/high-chair.jpg","/inventory/chairs-and-lounge/high-chair.jpg",""
"pending","Chairs & Lounge","Booster Seat","chairs-and-lounge","booster-seat.jpg","public/inventory/chairs-and-lounge/booster-seat.jpg","/inventory/chairs-and-lounge/booster-seat.jpg",""
"pending","Chairs & Lounge","Multicolor Modern Lounge — Black","chairs-and-lounge","multicolor-modern-lounge-black.jpg","public/inventory/chairs-and-lounge/multicolor-modern-lounge-black.jpg","/inventory/chairs-and-lounge/multicolor-modern-lounge-black.jpg",""
"pending","Chairs & Lounge","Multicolor Modern Lounge — Blue","chairs-and-lounge","multicolor-modern-lounge-blue.jpg","public/inventory/chairs-and-lounge/multicolor-modern-lounge-blue.jpg","/inventory/chairs-and-lounge/multicolor-modern-lounge-blue.jpg",""
"pending","Chairs & Lounge","Multicolor Modern Lounge — Orange","chairs-and-lounge","multicolor-modern-lounge-orange.jpg","public/inventory/chairs-and-lounge/multicolor-modern-lounge-orange.jpg","/inventory/chairs-and-lounge/multicolor-modern-lounge-orange.jpg",""
"pending","Chairs & Lounge","Multicolor Modern Lounge — Yellow","chairs-and-lounge","multicolor-modern-lounge-yellow.jpg","public/inventory/chairs-and-lounge/multicolor-modern-lounge-yellow.jpg","/inventory/chairs-and-lounge/multicolor-modern-lounge-yellow.jpg",""
"pending","Chairs & Lounge","Multicolor Modern Lounge — Green","chairs-and-lounge","multicolor-modern-lounge-green.jpg","public/inventory/chairs-and-lounge/multicolor-modern-lounge-green.jpg","/inventory/chairs-and-lounge/multicolor-modern-lounge-green.jpg",""
"pending","Chairs & Lounge","Multicolor Modern Lounge — Pink","chairs-and-lounge","multicolor-modern-lounge-pink.jpg","public/inventory/chairs-and-lounge/multicolor-modern-lounge-pink.jpg","/inventory/chairs-and-lounge/multicolor-modern-lounge-pink.jpg",""
"pending","Chairs & Lounge","Cream Pintuck Lounge","chairs-and-lounge","cream-pintuck-lounge.jpg","public/inventory/chairs-and-lounge/cream-pintuck-lounge.jpg","/inventory/chairs-and-lounge/cream-pintuck-lounge.jpg",""
"pending","Chairs & Lounge","White Couch","chairs-and-lounge","white-couch.jpg","public/inventory/chairs-and-lounge/white-couch.jpg","/inventory/chairs-and-lounge/white-couch.jpg",""
"pending","Chairs & Lounge","Orange Felt Couch","chairs-and-lounge","orange-felt-couch.jpg","public/inventory/chairs-and-lounge/orange-felt-couch.jpg","/inventory/chairs-and-lounge/orange-felt-couch.jpg",""
"pending","Chairs & Lounge","Burnt Orange Lounge","chairs-and-lounge","burnt-orange-lounge.jpg","public/inventory/chairs-and-lounge/burnt-orange-lounge.jpg","/inventory/chairs-and-lounge/burnt-orange-lounge.jpg",""
"pending","Chairs & Lounge","Navy Blue Lounge Set","chairs-and-lounge","navy-blue-lounge-set.jpg","public/inventory/chairs-and-lounge/navy-blue-lounge-set.jpg","/inventory/chairs-and-lounge/navy-blue-lounge-set.jpg",""
"pending","Dishware & Glassware","Stainless Steel Salad Fork","dishware-and-glassware","stainless-steel-salad-fork.jpg","public/inventory/dishware-and-glassware/stainless-steel-salad-fork.jpg","/inventory/dishware-and-glassware/stainless-steel-salad-fork.jpg",""
"pending","Dishware & Glassware","Stainless Steel Dinner Fork","dishware-and-glassware","stainless-steel-dinner-fork.jpg","public/inventory/dishware-and-glassware/stainless-steel-dinner-fork.jpg","/inventory/dishware-and-glassware/stainless-steel-dinner-fork.jpg",""
"pending","Dishware & Glassware","Stainless Steel Dinner Knife","dishware-and-glassware","stainless-steel-dinner-knife.jpg","public/inventory/dishware-and-glassware/stainless-steel-dinner-knife.jpg","/inventory/dishware-and-glassware/stainless-steel-dinner-knife.jpg",""
"pending","Dishware & Glassware","Stainless Steel Teaspoon","dishware-and-glassware","stainless-steel-teaspoon.jpg","public/inventory/dishware-and-glassware/stainless-steel-teaspoon.jpg","/inventory/dishware-and-glassware/stainless-steel-teaspoon.jpg",""
"pending","Dishware & Glassware","Stainless Steel Soup Spoon","dishware-and-glassware","stainless-steel-soup-spoon.jpg","public/inventory/dishware-and-glassware/stainless-steel-soup-spoon.jpg","/inventory/dishware-and-glassware/stainless-steel-soup-spoon.jpg",""
"pending","Dishware & Glassware","Gold Salad Fork","dishware-and-glassware","gold-salad-fork.jpg","public/inventory/dishware-and-glassware/gold-salad-fork.jpg","/inventory/dishware-and-glassware/gold-salad-fork.jpg",""
"pending","Dishware & Glassware","Gold Dinner Knife","dishware-and-glassware","gold-dinner-knife.jpg","public/inventory/dishware-and-glassware/gold-dinner-knife.jpg","/inventory/dishware-and-glassware/gold-dinner-knife.jpg",""
"pending","Dishware & Glassware","Gold Teaspoon","dishware-and-glassware","gold-teaspoon.jpg","public/inventory/dishware-and-glassware/gold-teaspoon.jpg","/inventory/dishware-and-glassware/gold-teaspoon.jpg",""
"pending","Dishware & Glassware","Gold Soup Spoon","dishware-and-glassware","gold-soup-spoon.jpg","public/inventory/dishware-and-glassware/gold-soup-spoon.jpg","/inventory/dishware-and-glassware/gold-soup-spoon.jpg",""
"pending","Dishware & Glassware","Rose Gold Salad Fork","dishware-and-glassware","rose-gold-salad-fork.jpg","public/inventory/dishware-and-glassware/rose-gold-salad-fork.jpg","/inventory/dishware-and-glassware/rose-gold-salad-fork.jpg",""
"pending","Dishware & Glassware","Rose Gold Dinner Knife","dishware-and-glassware","rose-gold-dinner-knife.jpg","public/inventory/dishware-and-glassware/rose-gold-dinner-knife.jpg","/inventory/dishware-and-glassware/rose-gold-dinner-knife.jpg",""
"pending","Dishware & Glassware","Rose Gold Teaspoon","dishware-and-glassware","rose-gold-teaspoon.jpg","public/inventory/dishware-and-glassware/rose-gold-teaspoon.jpg","/inventory/dishware-and-glassware/rose-gold-teaspoon.jpg",""
"pending","Dishware & Glassware","Rose Gold Soup Spoon","dishware-and-glassware","rose-gold-soup-spoon.jpg","public/inventory/dishware-and-glassware/rose-gold-soup-spoon.jpg","/inventory/dishware-and-glassware/rose-gold-soup-spoon.jpg",""
"pending","Dishware & Glassware","10"" Plate","dishware-and-glassware","10-plate.jpg","public/inventory/dishware-and-glassware/10-plate.jpg","/inventory/dishware-and-glassware/10-plate.jpg",""
"pending","Dishware & Glassware","White 7.5"" Plate","dishware-and-glassware","white-7-5-plate.jpg","public/inventory/dishware-and-glassware/white-7-5-plate.jpg","/inventory/dishware-and-glassware/white-7-5-plate.jpg",""
"pending","Dishware & Glassware","6"" B&B Plate","dishware-and-glassware","6-b-b-plate.jpg","public/inventory/dishware-and-glassware/6-b-b-plate.jpg","/inventory/dishware-and-glassware/6-b-b-plate.jpg",""
"pending","Dishware & Glassware","8"" Sahara Black Plate","dishware-and-glassware","8-sahara-black-plate.jpg","public/inventory/dishware-and-glassware/8-sahara-black-plate.jpg","/inventory/dishware-and-glassware/8-sahara-black-plate.jpg",""
"pending","Dishware & Glassware","10"" Sahara Black Plate","dishware-and-glassware","10-sahara-black-plate.jpg","public/inventory/dishware-and-glassware/10-sahara-black-plate.jpg","/inventory/dishware-and-glassware/10-sahara-black-plate.jpg",""
"pending","Dishware & Glassware","6.5"" Sahara Black Plate","dishware-and-glassware","6-5-sahara-black-plate.jpg","public/inventory/dishware-and-glassware/6-5-sahara-black-plate.jpg","/inventory/dishware-and-glassware/6-5-sahara-black-plate.jpg",""
"pending","Dishware & Glassware","10"" Floral Plate","dishware-and-glassware","10-floral-plate.jpg","public/inventory/dishware-and-glassware/10-floral-plate.jpg","/inventory/dishware-and-glassware/10-floral-plate.jpg",""
"pending","Dishware & Glassware","Gold Beaded Charger Plates","dishware-and-glassware","gold-beaded-charger-plates.jpg","public/inventory/dishware-and-glassware/gold-beaded-charger-plates.jpg","/inventory/dishware-and-glassware/gold-beaded-charger-plates.jpg",""
"pending","Dishware & Glassware","White Pasta Bowl","dishware-and-glassware","white-pasta-bowl.jpg","public/inventory/dishware-and-glassware/white-pasta-bowl.jpg","/inventory/dishware-and-glassware/white-pasta-bowl.jpg",""
"pending","Dishware & Glassware","White Platters","dishware-and-glassware","white-platters.jpg","public/inventory/dishware-and-glassware/white-platters.jpg","/inventory/dishware-and-glassware/white-platters.jpg",""
"pending","Dishware & Glassware","Charcuterie Board","dishware-and-glassware","charcuterie-board.jpg","public/inventory/dishware-and-glassware/charcuterie-board.jpg","/inventory/dishware-and-glassware/charcuterie-board.jpg",""
"pending","Dishware & Glassware","Bread Basket","dishware-and-glassware","bread-basket.jpg","public/inventory/dishware-and-glassware/bread-basket.jpg","/inventory/dishware-and-glassware/bread-basket.jpg",""
"pending","Dishware & Glassware","Champagne Buckets","dishware-and-glassware","champagne-buckets.jpg","public/inventory/dishware-and-glassware/champagne-buckets.jpg","/inventory/dishware-and-glassware/champagne-buckets.jpg",""
"pending","Dishware & Glassware","Large White Salad Bowl","dishware-and-glassware","large-white-salad-bowl.jpg","public/inventory/dishware-and-glassware/large-white-salad-bowl.jpg","/inventory/dishware-and-glassware/large-white-salad-bowl.jpg",""
"pending","Dishware & Glassware","Large Wood Salad Bowl","dishware-and-glassware","large-wood-salad-bowl.jpg","public/inventory/dishware-and-glassware/large-wood-salad-bowl.jpg","/inventory/dishware-and-glassware/large-wood-salad-bowl.jpg",""
"pending","Dishware & Glassware","Rattan Placemats","dishware-and-glassware","rattan-placemats.jpg","public/inventory/dishware-and-glassware/rattan-placemats.jpg","/inventory/dishware-and-glassware/rattan-placemats.jpg",""
"pending","Dishware & Glassware","Metal / Galvanized Drink Tubs","dishware-and-glassware","metal-galvanized-drink-tubs.jpg","public/inventory/dishware-and-glassware/metal-galvanized-drink-tubs.jpg","/inventory/dishware-and-glassware/metal-galvanized-drink-tubs.jpg",""
"pending","Dishware & Glassware","Insulated Coffee Server","dishware-and-glassware","insulated-coffee-server.jpg","public/inventory/dishware-and-glassware/insulated-coffee-server.jpg","/inventory/dishware-and-glassware/insulated-coffee-server.jpg",""
"pending","Dishware & Glassware","Coffee Mugs","dishware-and-glassware","coffee-mugs.jpg","public/inventory/dishware-and-glassware/coffee-mugs.jpg","/inventory/dishware-and-glassware/coffee-mugs.jpg",""
"pending","Dishware & Glassware","Water Goblet","dishware-and-glassware","water-goblet.jpg","public/inventory/dishware-and-glassware/water-goblet.jpg","/inventory/dishware-and-glassware/water-goblet.jpg",""
"pending","Dishware & Glassware","11oz Wine Glass","dishware-and-glassware","11oz-wine-glass.jpg","public/inventory/dishware-and-glassware/11oz-wine-glass.jpg","/inventory/dishware-and-glassware/11oz-wine-glass.jpg",""
"pending","Dishware & Glassware","8oz Wine Glass","dishware-and-glassware","8oz-wine-glass.jpg","public/inventory/dishware-and-glassware/8oz-wine-glass.jpg","/inventory/dishware-and-glassware/8oz-wine-glass.jpg",""
"pending","Dishware & Glassware","Stemless Wine Glass","dishware-and-glassware","stemless-wine-glass.jpg","public/inventory/dishware-and-glassware/stemless-wine-glass.jpg","/inventory/dishware-and-glassware/stemless-wine-glass.jpg",""
"pending","Dishware & Glassware","Hiball Glass","dishware-and-glassware","hiball-glass.jpg","public/inventory/dishware-and-glassware/hiball-glass.jpg","/inventory/dishware-and-glassware/hiball-glass.jpg",""
"pending","Dishware & Glassware","Fluted Champagne","dishware-and-glassware","fluted-champagne.jpg","public/inventory/dishware-and-glassware/fluted-champagne.jpg","/inventory/dishware-and-glassware/fluted-champagne.jpg",""
"pending","Dishware & Glassware","Champagne Glass","dishware-and-glassware","champagne-glass.jpg","public/inventory/dishware-and-glassware/champagne-glass.jpg","/inventory/dishware-and-glassware/champagne-glass.jpg",""
"pending","Dishware & Glassware","Martini Glasses","dishware-and-glassware","martini-glasses.jpg","public/inventory/dishware-and-glassware/martini-glasses.jpg","/inventory/dishware-and-glassware/martini-glasses.jpg",""
"pending","Dishware & Glassware","Double Old Fashioned","dishware-and-glassware","double-old-fashioned.jpg","public/inventory/dishware-and-glassware/double-old-fashioned.jpg","/inventory/dishware-and-glassware/double-old-fashioned.jpg",""
"pending","Dishware & Glassware","Pilsner Beer Glasses","dishware-and-glassware","pilsner-beer-glasses.jpg","public/inventory/dishware-and-glassware/pilsner-beer-glasses.jpg","/inventory/dishware-and-glassware/pilsner-beer-glasses.jpg",""
"pending","Flooring","White Dancefloor","flooring","white-dancefloor.jpg","public/inventory/flooring/white-dancefloor.jpg","/inventory/flooring/white-dancefloor.jpg",""
"pending","Flooring","Darkwood Dancefloor","flooring","darkwood-dancefloor.jpg","public/inventory/flooring/darkwood-dancefloor.jpg","/inventory/flooring/darkwood-dancefloor.jpg",""
"pending","Flooring","Black Dancefloor","flooring","black-dancefloor.jpg","public/inventory/flooring/black-dancefloor.jpg","/inventory/flooring/black-dancefloor.jpg",""
"pending","Flooring","Wood Dancefloor","flooring","wood-dancefloor.jpg","public/inventory/flooring/wood-dancefloor.jpg","/inventory/flooring/wood-dancefloor.jpg",""
"pending","Flooring","Checkerboard Dance Floor","flooring","checkerboard-dance-floor.jpg","public/inventory/flooring/checkerboard-dance-floor.jpg","/inventory/flooring/checkerboard-dance-floor.jpg",""
"pending","Flooring","Red Carpet","flooring","red-carpet.jpg","public/inventory/flooring/red-carpet.jpg","/inventory/flooring/red-carpet.jpg",""
"pending","Flooring","Green Astroturf","flooring","green-astroturf.jpg","public/inventory/flooring/green-astroturf.jpg","/inventory/flooring/green-astroturf.jpg",""
"pending","Flooring","Kitchen Carpeting","flooring","kitchen-carpeting.jpg","public/inventory/flooring/kitchen-carpeting.jpg","/inventory/flooring/kitchen-carpeting.jpg",""
"pending","Flooring","Black Carpeting","flooring","black-carpeting.jpg","public/inventory/flooring/black-carpeting.jpg","/inventory/flooring/black-carpeting.jpg",""
"pending","Flooring","Sub Flooring","flooring","sub-flooring.jpg","public/inventory/flooring/sub-flooring.jpg","/inventory/flooring/sub-flooring.jpg",""
"pending","Flooring","Chrome Stanchions with Red Rope","flooring","chrome-stanchions-with-red-rope.jpg","public/inventory/flooring/chrome-stanchions-with-red-rope.jpg","/inventory/flooring/chrome-stanchions-with-red-rope.jpg",""
"pending","Flooring","Black Stanchions with Black Extendable Rope","flooring","black-stanchions-with-black-extendable-rope.jpg","public/inventory/flooring/black-stanchions-with-black-extendable-rope.jpg","/inventory/flooring/black-stanchions-with-black-extendable-rope.jpg",""
"pending","Lighting","Standard Tent Light","lighting","standard-tent-light.jpg","public/inventory/lighting/standard-tent-light.jpg","/inventory/lighting/standard-tent-light.jpg",""
"pending","Lighting","Gold Pendant Light","lighting","gold-pendant-light.jpg","public/inventory/lighting/gold-pendant-light.jpg","/inventory/lighting/gold-pendant-light.jpg",""
"pending","Lighting","Natural Brass Candle Pendant","lighting","natural-brass-candle-pendant.jpg","public/inventory/lighting/natural-brass-candle-pendant.jpg","/inventory/lighting/natural-brass-candle-pendant.jpg",""
"pending","Lighting","Fairy Lighting","lighting","fairy-lighting.jpg","public/inventory/lighting/fairy-lighting.jpg","/inventory/lighting/fairy-lighting.jpg",""
"pending","Lighting","Mini Globe Lighting","lighting","mini-globe-lighting.jpg","public/inventory/lighting/mini-globe-lighting.jpg","/inventory/lighting/mini-globe-lighting.jpg",""
"pending","Lighting","Lighting Packages","lighting","lighting-packages.jpg","public/inventory/lighting/lighting-packages.jpg","/inventory/lighting/lighting-packages.jpg",""
"pending","Lighting","Japanese Lanterns","lighting","japanese-lanterns.jpg","public/inventory/lighting/japanese-lanterns.jpg","/inventory/lighting/japanese-lanterns.jpg",""
"pending","Lighting","RGB LED Uplight","lighting","rgb-led-uplight.jpg","public/inventory/lighting/rgb-led-uplight.jpg","/inventory/lighting/rgb-led-uplight.jpg",""
"pending","Lighting","Gold and Crystal Emma Chandelier","lighting","gold-and-crystal-emma-chandelier.jpg","public/inventory/lighting/gold-and-crystal-emma-chandelier.jpg","/inventory/lighting/gold-and-crystal-emma-chandelier.jpg",""
"pending","Linens","8' White Tabledrapes","linens","8-white-tabledrapes.jpg","public/inventory/linens/8-white-tabledrapes.jpg","/inventory/linens/8-white-tabledrapes.jpg",""
"pending","Linens","6' White Tabledrapes","linens","6-white-tabledrapes.jpg","public/inventory/linens/6-white-tabledrapes.jpg","/inventory/linens/6-white-tabledrapes.jpg",""
"pending","Linens","90"" White Round Tabledrapes","linens","90-white-round-tabledrapes.jpg","public/inventory/linens/90-white-round-tabledrapes.jpg","/inventory/linens/90-white-round-tabledrapes.jpg",""
"pending","Linens","108"" White Round Tabledrapes","linens","108-white-round-tabledrapes.jpg","public/inventory/linens/108-white-round-tabledrapes.jpg","/inventory/linens/108-white-round-tabledrapes.jpg",""
"pending","Linens","120"" White Round Tabledrapes","linens","120-white-round-tabledrapes.jpg","public/inventory/linens/120-white-round-tabledrapes.jpg","/inventory/linens/120-white-round-tabledrapes.jpg",""
"pending","Linens","White Square Tablecloth","linens","white-square-tablecloth.jpg","public/inventory/linens/white-square-tablecloth.jpg","/inventory/linens/white-square-tablecloth.jpg",""
"pending","Linens","8' Black Tabledrapes","linens","8-black-tabledrapes.jpg","public/inventory/linens/8-black-tabledrapes.jpg","/inventory/linens/8-black-tabledrapes.jpg",""
"pending","Linens","6' Black Tabledrapes","linens","6-black-tabledrapes.jpg","public/inventory/linens/6-black-tabledrapes.jpg","/inventory/linens/6-black-tabledrapes.jpg",""
"pending","Linens","90"" Black Round Tabledrapes","linens","90-black-round-tabledrapes.jpg","public/inventory/linens/90-black-round-tabledrapes.jpg","/inventory/linens/90-black-round-tabledrapes.jpg",""
"pending","Linens","108"" Black Round Tabledrapes","linens","108-black-round-tabledrapes.jpg","public/inventory/linens/108-black-round-tabledrapes.jpg","/inventory/linens/108-black-round-tabledrapes.jpg",""
"pending","Linens","120"" Black Round Tabledrapes","linens","120-black-round-tabledrapes.jpg","public/inventory/linens/120-black-round-tabledrapes.jpg","/inventory/linens/120-black-round-tabledrapes.jpg",""
"pending","Linens","132"" Black Round Tabledrapes","linens","132-black-round-tabledrapes.jpg","public/inventory/linens/132-black-round-tabledrapes.jpg","/inventory/linens/132-black-round-tabledrapes.jpg",""
"pending","Linens","Black Square Tablecloth","linens","black-square-tablecloth.jpg","public/inventory/linens/black-square-tablecloth.jpg","/inventory/linens/black-square-tablecloth.jpg",""
"pending","Linens","8' Ivory Tabledrapes","linens","8-ivory-tabledrapes.jpg","public/inventory/linens/8-ivory-tabledrapes.jpg","/inventory/linens/8-ivory-tabledrapes.jpg",""
"pending","Linens","6' Ivory Tabledrapes","linens","6-ivory-tabledrapes.jpg","public/inventory/linens/6-ivory-tabledrapes.jpg","/inventory/linens/6-ivory-tabledrapes.jpg",""
"pending","Linens","90"" Ivory Round Tabledrapes","linens","90-ivory-round-tabledrapes.jpg","public/inventory/linens/90-ivory-round-tabledrapes.jpg","/inventory/linens/90-ivory-round-tabledrapes.jpg",""
"pending","Linens","108"" Ivory Round Tabledrapes","linens","108-ivory-round-tabledrapes.jpg","public/inventory/linens/108-ivory-round-tabledrapes.jpg","/inventory/linens/108-ivory-round-tabledrapes.jpg",""
"pending","Linens","120"" Ivory Round Tabledrapes","linens","120-ivory-round-tabledrapes.jpg","public/inventory/linens/120-ivory-round-tabledrapes.jpg","/inventory/linens/120-ivory-round-tabledrapes.jpg",""
"pending","Linens","132"" Ivory Round Tabledrapes","linens","132-ivory-round-tabledrapes.jpg","public/inventory/linens/132-ivory-round-tabledrapes.jpg","/inventory/linens/132-ivory-round-tabledrapes.jpg",""
"pending","Linens","Ivory Square Tablecloth","linens","ivory-square-tablecloth.jpg","public/inventory/linens/ivory-square-tablecloth.jpg","/inventory/linens/ivory-square-tablecloth.jpg",""
"pending","Linens","Napkins — All Colors","linens","napkins-all-colors.jpg","public/inventory/linens/napkins-all-colors.jpg","/inventory/linens/napkins-all-colors.jpg",""
"pending","Linens","Table Runners — All Colors","linens","table-runners-all-colors.jpg","public/inventory/linens/table-runners-all-colors.jpg","/inventory/linens/table-runners-all-colors.jpg",""
"pending","Tables","8' Banquet Table","tables","8-banquet-table.jpg","public/inventory/tables/8-banquet-table.jpg","/inventory/tables/8-banquet-table.jpg",""
"pending","Tables","6' Banquet Table","tables","6-banquet-table.jpg","public/inventory/tables/6-banquet-table.jpg","/inventory/tables/6-banquet-table.jpg",""
"pending","Tables","6' Classroom Table","tables","6-classroom-table.jpg","public/inventory/tables/6-classroom-table.jpg","/inventory/tables/6-classroom-table.jpg",""
"pending","Tables","8' Classroom Table","tables","8-classroom-table.jpg","public/inventory/tables/8-classroom-table.jpg","/inventory/tables/8-classroom-table.jpg",""
"pending","Tables","4 × 8 Kings Table","tables","4-8-kings-table.jpg","public/inventory/tables/4-8-kings-table.jpg","/inventory/tables/4-8-kings-table.jpg",""
"pending","Tables","Serpentine Table","tables","serpentine-table.jpg","public/inventory/tables/serpentine-table.jpg","/inventory/tables/serpentine-table.jpg",""
"pending","Tables","36"" Round Sit Down Cocktail Table","tables","36-round-sit-down-cocktail-table.jpg","public/inventory/tables/36-round-sit-down-cocktail-table.jpg","/inventory/tables/36-round-sit-down-cocktail-table.jpg",""
"pending","Tables","36"" Round Stand Up Cocktail Table","tables","36-round-stand-up-cocktail-table.jpg","public/inventory/tables/36-round-stand-up-cocktail-table.jpg","/inventory/tables/36-round-stand-up-cocktail-table.jpg",""
"pending","Tables","48"" Round Table","tables","48-round-table.jpg","public/inventory/tables/48-round-table.jpg","/inventory/tables/48-round-table.jpg",""
"pending","Tables","60"" Round Table","tables","60-round-table.jpg","public/inventory/tables/60-round-table.jpg","/inventory/tables/60-round-table.jpg",""
"pending","Tables","66"" Round Table","tables","66-round-table.jpg","public/inventory/tables/66-round-table.jpg","/inventory/tables/66-round-table.jpg",""
"pending","Tables","72"" Round Table","tables","72-round-table.jpg","public/inventory/tables/72-round-table.jpg","/inventory/tables/72-round-table.jpg",""
"pending","Tables","8' Darkwood Farm Table","tables","8-darkwood-farm-table.jpg","public/inventory/tables/8-darkwood-farm-table.jpg","/inventory/tables/8-darkwood-farm-table.jpg",""
"pending","Tables","6' Darkwood Farm Table","tables","6-darkwood-farm-table.jpg","public/inventory/tables/6-darkwood-farm-table.jpg","/inventory/tables/6-darkwood-farm-table.jpg",""
"pending","Tables","8' White Farm Table","tables","8-white-farm-table.jpg","public/inventory/tables/8-white-farm-table.jpg","/inventory/tables/8-white-farm-table.jpg",""
"pending","Tables","6' White Farm Table","tables","6-white-farm-table.jpg","public/inventory/tables/6-white-farm-table.jpg","/inventory/tables/6-white-farm-table.jpg",""
"pending","Tables","Gold and White End Table","tables","gold-and-white-end-table.jpg","public/inventory/tables/gold-and-white-end-table.jpg","/inventory/tables/gold-and-white-end-table.jpg",""
"pending","Tables","Gold and Marble End Table","tables","gold-and-marble-end-table.jpg","public/inventory/tables/gold-and-marble-end-table.jpg","/inventory/tables/gold-and-marble-end-table.jpg",""
"pending","Decor & Structures","4 × 8 Green Wall","decor-and-structures","4-8-green-wall.jpg","public/inventory/decor-and-structures/4-8-green-wall.jpg","/inventory/decor-and-structures/4-8-green-wall.jpg",""
"pending","Decor & Structures","Black Pipe and Drape","decor-and-structures","black-pipe-and-drape.jpg","public/inventory/decor-and-structures/black-pipe-and-drape.jpg","/inventory/decor-and-structures/black-pipe-and-drape.jpg",""
"pending","Decor & Structures","White Pipe and Drape","decor-and-structures","white-pipe-and-drape.jpg","public/inventory/decor-and-structures/white-pipe-and-drape.jpg","/inventory/decor-and-structures/white-pipe-and-drape.jpg",""
"pending","Decor & Structures","Faux Greenery","decor-and-structures","faux-greenery.jpg","public/inventory/decor-and-structures/faux-greenery.jpg","/inventory/decor-and-structures/faux-greenery.jpg",""
"pending","Decor & Structures","Gold Champagne Display","decor-and-structures","gold-champagne-display.jpg","public/inventory/decor-and-structures/gold-champagne-display.jpg","/inventory/decor-and-structures/gold-champagne-display.jpg",""
"pending","Decor & Structures","8 × 8 Darkwood Cabana","decor-and-structures","8-8-darkwood-cabana.jpg","public/inventory/decor-and-structures/8-8-darkwood-cabana.jpg","/inventory/decor-and-structures/8-8-darkwood-cabana.jpg",""
"pending","Decor & Structures","10 × 10 Darkwood Cabana","decor-and-structures","10-10-darkwood-cabana.jpg","public/inventory/decor-and-structures/10-10-darkwood-cabana.jpg","/inventory/decor-and-structures/10-10-darkwood-cabana.jpg",""
"pending","Decor & Structures","8 × 8 White Cabana","decor-and-structures","8-8-white-cabana.jpg","public/inventory/decor-and-structures/8-8-white-cabana.jpg","/inventory/decor-and-structures/8-8-white-cabana.jpg",""
"pending","Decor & Structures","10 × 10 White Cabana","decor-and-structures","10-10-white-cabana.jpg","public/inventory/decor-and-structures/10-10-white-cabana.jpg","/inventory/decor-and-structures/10-10-white-cabana.jpg",""
"pending","Decor & Structures","Lawn Games","decor-and-structures","lawn-games.jpg","public/inventory/decor-and-structures/lawn-games.jpg","/inventory/decor-and-structures/lawn-games.jpg",""
"pending","Tents","10×10 Pop Up Tent","tents","10-10-pop-up-tent.jpg","public/inventory/tents/10-10-pop-up-tent.jpg","/inventory/tents/10-10-pop-up-tent.jpg",""
"pending","Tents","10×10 White Peak Tent","tents","10-10-white-peak-tent.jpg","public/inventory/tents/10-10-white-peak-tent.jpg","/inventory/tents/10-10-white-peak-tent.jpg",""
"pending","Tents","10×20 White Peak Tent","tents","10-20-white-peak-tent.jpg","public/inventory/tents/10-20-white-peak-tent.jpg","/inventory/tents/10-20-white-peak-tent.jpg",""
"pending","Tents","20×20 White Peak Tent","tents","20-20-white-peak-tent.jpg","public/inventory/tents/20-20-white-peak-tent.jpg","/inventory/tents/20-20-white-peak-tent.jpg",""
"pending","Tents","20×20 White Canopy","tents","20-20-white-canopy.jpg","public/inventory/tents/20-20-white-canopy.jpg","/inventory/tents/20-20-white-canopy.jpg",""
"pending","Tents","20×30 White Canopy","tents","20-30-white-canopy.jpg","public/inventory/tents/20-30-white-canopy.jpg","/inventory/tents/20-30-white-canopy.jpg",""
"pending","Tents","20×40 White Canopy","tents","20-40-white-canopy.jpg","public/inventory/tents/20-40-white-canopy.jpg","/inventory/tents/20-40-white-canopy.jpg",""
"pending","Tents","15' × 30' Band Shell Tent","tents","15-30-band-shell-tent.jpg","public/inventory/tents/15-30-band-shell-tent.jpg","/inventory/tents/15-30-band-shell-tent.jpg",""
"pending","Tents","30' × 25' Band Shell Tent","tents","30-25-band-shell-tent.jpg","public/inventory/tents/30-25-band-shell-tent.jpg","/inventory/tents/30-25-band-shell-tent.jpg",""
"pending","Tents","40' × 20' Band Shell Tent","tents","40-20-band-shell-tent.jpg","public/inventory/tents/40-20-band-shell-tent.jpg","/inventory/tents/40-20-band-shell-tent.jpg",""
"pending","Tents","40' × 35' Band Shell Tent","tents","40-35-band-shell-tent.jpg","public/inventory/tents/40-35-band-shell-tent.jpg","/inventory/tents/40-35-band-shell-tent.jpg",""
"pending","Tents","44' × 63' Sail Cloth Tent","tents","44-63-sail-cloth-tent.jpg","public/inventory/tents/44-63-sail-cloth-tent.jpg","/inventory/tents/44-63-sail-cloth-tent.jpg",""
"pending","Tents","30×30 White Tent","tents","30-30-white-tent.jpg","public/inventory/tents/30-30-white-tent.jpg","/inventory/tents/30-30-white-tent.jpg",""
"pending","Tents","30×40 White Tent","tents","30-40-white-tent.jpg","public/inventory/tents/30-40-white-tent.jpg","/inventory/tents/30-40-white-tent.jpg",""
"pending","Tents","30×50 White Tent","tents","30-50-white-tent.jpg","public/inventory/tents/30-50-white-tent.jpg","/inventory/tents/30-50-white-tent.jpg",""
"pending","Tents","30×60 White Tent","tents","30-60-white-tent.jpg","public/inventory/tents/30-60-white-tent.jpg","/inventory/tents/30-60-white-tent.jpg",""
"pending","Tents","30×70 White Tent","tents","30-70-white-tent.jpg","public/inventory/tents/30-70-white-tent.jpg","/inventory/tents/30-70-white-tent.jpg",""
"pending","Tents","30×80 White Tent","tents","30-80-white-tent.jpg","public/inventory/tents/30-80-white-tent.jpg","/inventory/tents/30-80-white-tent.jpg",""
"pending","Tents","30×90 White Tent","tents","30-90-white-tent.jpg","public/inventory/tents/30-90-white-tent.jpg","/inventory/tents/30-90-white-tent.jpg",""
"pending","Tents","30×100 White Tent","tents","30-100-white-tent.jpg","public/inventory/tents/30-100-white-tent.jpg","/inventory/tents/30-100-white-tent.jpg",""
"pending","Tents","30×30 Clear Tent","tents","30-30-clear-tent.jpg","public/inventory/tents/30-30-clear-tent.jpg","/inventory/tents/30-30-clear-tent.jpg",""
"pending","Tents","30×40 Clear Tent","tents","30-40-clear-tent.jpg","public/inventory/tents/30-40-clear-tent.jpg","/inventory/tents/30-40-clear-tent.jpg",""
"pending","Tents","30×50 Clear Tent","tents","30-50-clear-tent.jpg","public/inventory/tents/30-50-clear-tent.jpg","/inventory/tents/30-50-clear-tent.jpg",""
"pending","Tents","30×60 Clear Tent","tents","30-60-clear-tent.jpg","public/inventory/tents/30-60-clear-tent.jpg","/inventory/tents/30-60-clear-tent.jpg",""
"pending","Tents","30×70 Clear Tent","tents","30-70-clear-tent.jpg","public/inventory/tents/30-70-clear-tent.jpg","/inventory/tents/30-70-clear-tent.jpg",""
"pending","Tents","30×80 Clear Tent","tents","30-80-clear-tent.jpg","public/inventory/tents/30-80-clear-tent.jpg","/inventory/tents/30-80-clear-tent.jpg",""
"pending","Tents","30×90 Clear Tent","tents","30-90-clear-tent.jpg","public/inventory/tents/30-90-clear-tent.jpg","/inventory/tents/30-90-clear-tent.jpg",""
"pending","Tents","40×40 White Tent","tents","40-40-white-tent.jpg","public/inventory/tents/40-40-white-tent.jpg","/inventory/tents/40-40-white-tent.jpg",""
"pending","Tents","40×60 White Tent","tents","40-60-white-tent.jpg","public/inventory/tents/40-60-white-tent.jpg","/inventory/tents/40-60-white-tent.jpg",""
"pending","Tents","40×80 White Tent","tents","40-80-white-tent.jpg","public/inventory/tents/40-80-white-tent.jpg","/inventory/tents/40-80-white-tent.jpg",""
"pending","Tents","40×100 White Tent","tents","40-100-white-tent.jpg","public/inventory/tents/40-100-white-tent.jpg","/inventory/tents/40-100-white-tent.jpg",""
"pending","Tents","40×120 White Tent","tents","40-120-white-tent.jpg","public/inventory/tents/40-120-white-tent.jpg","/inventory/tents/40-120-white-tent.jpg",""
"pending","Tents","40×40 Clear Tent","tents","40-40-clear-tent.jpg","public/inventory/tents/40-40-clear-tent.jpg","/inventory/tents/40-40-clear-tent.jpg",""
"pending","Tents","40×60 Clear Tent","tents","40-60-clear-tent.jpg","public/inventory/tents/40-60-clear-tent.jpg","/inventory/tents/40-60-clear-tent.jpg",""
"pending","Tents","40×80 Clear Tent","tents","40-80-clear-tent.jpg","public/inventory/tents/40-80-clear-tent.jpg","/inventory/tents/40-80-clear-tent.jpg",""
"pending","Tents","40×100 Clear Tent","tents","40-100-clear-tent.jpg","public/inventory/tents/40-100-clear-tent.jpg","/inventory/tents/40-100-clear-tent.jpg",""
"pending","Tents","40×120 Clear Tent","tents","40-120-clear-tent.jpg","public/inventory/tents/40-120-clear-tent.jpg","/inventory/tents/40-120-clear-tent.jpg",""